  url,duracion,nombre
https://www.dropbox.com/scl/fi/4uxfiahxfa1mc0f277stp/Anyone-Can-Play-Guitar.mp4?rlkey=6dgnran1x5fefz6k5pnrtdl1x&st=s21cg3dr&raw=1,3:47,Radiohead
https://www.dropbox.com/scl/fi/38uz1n2e58vevzoyzy0ti/Buddy-Holly.mp4?rlkey=eqs0t3hdr1j5tpmjjfvy8k7q4&st=fkwmqe2r&raw=1,4:02,Weezer
https://www.dropbox.com/scl/fi/hu3meeryn33jiifqnd6gc/Good-Day.mp4?rlkey=esgal8j4votsu9vpmq4d7116j&st=k9h7ftc3&raw=1,3:24,Tally Hall
https://www.dropbox.com/scl/fi/52ec1urm7ixt0v9buso3q/Jigsaw-Falling-Into-Place.mp4?rlkey=xyxwos42rpj8k85mi4dp3ql4r&st=jegd0uov&raw=1,4:19,Jigsaw
https://www.dropbox.com/scl/fi/f4utikfdeam49vouva0an/Los-Malaventurados-No-LLoran.mp4?rlkey=1nfzdcx6wsdufv0jekywvno53&st=12xnoh5p&raw=1,3:58,PXNDX
https://www.dropbox.com/scl/fi/2cxoigtu5d08t90c52e5v/Undone.mp4?rlkey=1dkv45t1ult2k5vx7h47acszr&st=7jlccl49&raw=1,4:15,Weezer
https://www.dropbox.com/scl/fi/2ksn5xevw1cmz21kfe7lg/Red-Hot-Chili-Peppers-Californication-Official-Music-Video-HD-UPGRADE-YlUKcNNmywk.webm?rlkey=jkcj5atvanfwjraqo9r6yw2h8&st=q0rpg1su&raw=1,5:22,Red Hot Chili Peppers
https://www.dropbox.com/scl/fi/zh9ecm7oq4m9po5cw4k47/Green-Day-Jesus-Of-Suburbia-Official-Music-Video-4K-Upgrade-fZFmaMbkUD4.webm?rlkey=1a1hpohzet7t5fwfxv7yvrp26&st=fo5u7zj5&raw=1,11:48,Green Day
https://www.dropbox.com/scl/fi/3ywc0vwkcf4hnq9552jm0/Weezer-The-End-Of-The-Game-Official-Video-Rl-hSj3gnks.webm?rlkey=m6k5qaciv6my8mhjjguuqh04g&st=chw3g9f9&raw=1,3:21,Weezer
https://www.dropbox.com/scl/fi/icu4g9ay1x4ju86krphp5/Green-Day-American-Idiot-Official-Music-Video-4K-Upgrade-Ee_uujKuJMI.webm?rlkey=vitt9zax4tapgt549fujmlivd&st=y3lo9ubk&raw=1,3:02,Green Day
https://www.dropbox.com/scl/fi/ve8xgwx57oxvu82c31rlm/Tally-Hall-Welcome-To-Tally-Hall-SwToedwyhoE.webm?rlkey=noqmvuqgobjj773uv5vacm81l&st=rwrt5i4l&raw=1,3:33,Tally Hall
https://www.dropbox.com/scl/fi/vbzdwcvh7sqwxvbzb4bcl/Isle-unto-Thyself-ctRembqQCcw.webm?rlkey=w4tibtfejo5bz9i1nwd2r4yow&st=36zo9sy1&raw=1,3:46,Miracle Musical
https://www.dropbox.com/scl/fi/11f3tb9svynugsqdmfa5f/Weezer-Hero-Official-Video-BdJS11C8LA0.webm?rlkey=tfa658dxmobezsc9t31bbafuj&st=jxn7fbuq&raw=1,4:24,Weezer
https://www.dropbox.com/scl/fi/cu86vsn40kb5k0exdpnho/The-Greatest-Man-That-Ever-Lived-Weezer-Warren-Miller-zLvR5NiCPb0.webm?rlkey=biji9bpd1be5o558xpp80d4pb&st=t72bxvyx&raw=1,4:11,Weezer
https://www.dropbox.com/scl/fi/ziizfc1y69ezkpkn8jz1b/Weezer-El-Scorcho-Director-s-Cut-okthJIVbi6g.webm?rlkey=f979tmobvkbvq40o71ji8rq5c&st=j7cgh21d&raw=1,4:07,Weezer
https://www.dropbox.com/scl/fi/opb14lba0x996swzwez65/Weezer-The-Good-Life-gkroIXktjgE.webm?rlkey=mkhsp6ovtobjueenedvcdfx6k&st=my9r9dcl&raw=1,4:15,Weezer
https://www.dropbox.com/scl/fi/q95r1at5ipujv6tzx9tvj/My-Chemical-Romance-Na-Na-Na-Official-Music-Video-egG7fiE89IU.webm?rlkey=6e9jipmsmepghr8aqq4cqc02j&st=wy7n96dd&raw=1,4:13,My Chemical Romance
https://www.dropbox.com/scl/fi/kio1710nzyg77bre48v2l/My-Chemical-Romance-Teenagers-Official-Music-Video-4K-k6EQAOmJrbw.webm?rlkey=smkpbhp8h4uo724y2cj18ruhw&st=fc9tol0k&raw=1,2:52,My Chemical Romance
https://www.dropbox.com/scl/fi/rodg336z6j95tgnx87muy/Hoodz-n-the-Woodz-ft.-Alex-Kessler-ObKwQQERrlQ.webm?rlkey=90dhkty6suzx10y7mnclz34be&st=63sevj06&raw=1,3:24,Joe Hawley
https://www.dropbox.com/scl/fi/8q8wc1him0x1ng62lytkp/Rotary-Park-ft.-Zubin-Sedghi-MnPbznlaLjg.webm?rlkey=f9zwc9ggaokxyxcv2rj4eihki&st=vukwq07k&raw=1,3:18,Joe Hawley
https://www.dropbox.com/scl/fi/3avkxtqrxc6z1pmylc20t/My-Chemical-Romance-I-m-Not-Okay-I-Promise-Official-Music-Video-4K-Film-Restored-dhZTNgAs4Fc.webm?rlkey=aor56ll2hjv04v85v61zfm0ea&st=vszb6exh&raw=1,3:26,My Chemical Romance
https://www.dropbox.com/scl/fi/tarhcsuswwsjxqqszue4j/VARIATIONS-ON-A-CLOUD-by-MUSIC-VIDEO-jUc6vVCh5vQ.webm?rlkey=c7vprkogd37u1gn6cg27qfki3&st=9uw044j3&raw=1,3:11,VARIATIONS
https://www.dropbox.com/scl/fi/hf9du2tpta1b6jcv5yhiy/Y0EcKR05Ac4.webm?rlkey=argdzpot3x86rk2mogtql5621&st=a2aqxxv7&raw=1,3:57,Maretu
https://www.dropbox.com/scl/fi/ukro938a8ldug8wlqzxne/Cuarteto-de-Nos-Buen-D-a-Benito-Video-Oficial-nbriUJ-Wn_Q.webm?rlkey=mereclxv20ej1jmtqoxob8ud7&st=20agylie&raw=1,3:49,Cuarteto de Nos
https://www.dropbox.com/scl/fi/j42d46nkz2uaa4vfv26ev/Weezer-Perfect-Situation-With-Intro-jwv-iRvyDZg.webm?rlkey=vke18hnwkhnaxcbjp9psdcsf2&st=rmrau3yk&raw=1,4:09,Weezer
https://www.dropbox.com/scl/fi/0bqmsdi8e7twtv64w3l6y/PXNDX-Disculpa-los-Malos-Pensamientos-xQfqhGPwacU.webm?rlkey=40kfst9nb15eqq5hsmevcxbcl&st=c6v0l00c&raw=1,4:10,PXNDX
https://www.dropbox.com/scl/fi/tvqt9b8qeaqlvf29f2x5f/Panda-Maracas-IZSmX3G-IRk.webm?rlkey=t59k5p8grsd09j44bsizc5d2p&st=udewuwzn&raw=1,3:12,PXNDX
https://www.dropbox.com/scl/fi/fmej8fit1yog3zb8ub1dv/Panda-Hola-38mFtzIAE_c.webm?rlkey=3onvu5p6bl5pdaawu6ywx56g8&st=e5lk4x8l&raw=1,2:47,PXNDX
https://www.dropbox.com/scl/fi/jxaytg56rmohergu0h2js/Allison-Fr-gil-fGKQPZhqTnQ.webm?rlkey=54holwrme3a3hbxa0thdpeomj&st=qunwrp4s&raw=1,2:49,Allison
https://www.dropbox.com/scl/fi/fx9tujowr1l8tkcctva8e/System-Of-A-Down-B.Y.O.B.-Official-HD-Video-zUzd9KyIDrM.webm?rlkey=1xe8zryq39xt6oouripdlxk1u&st=1hcl5aka&raw=1,4:23,System Of A Down
https://www.dropbox.com/scl/fi/633zomevp8ijo4cv0esvo/Black-Rainbows-Music-Video-Hawaii-Part-II-GuK4Rvjr-c.webm?rlkey=wj2jqx6zlbhxghabgenrnxjv9&st=7l4sl61t&raw=1,2:47,Miracle Musical
https://www.dropbox.com/scl/fi/x7unzrzostiplc5wq0x7e/Green-Day-St.-Jimmy-live-iHeartRadio-2012-5m2YYc4SoKQ.mp4?rlkey=bvvcwvz01akd8w9jbgwkl0gni&st=uppux7j8&raw=1,3:29,Green Day
https://www.dropbox.com/scl/fi/vo7qozi86lmx8zpp5y8su/Panda-Si-Supieras-nTZKHn-65qg.webm?rlkey=qs1l8uhx3i1ymszr50uxptvr1&st=r3n93fg2&raw=1,4:45,PXNDX
https://www.dropbox.com/scl/fi/8ianjpkszkv92g8isjkb5/Nirvana-Season-In-The-Sun-Official-Video-Remastered-Video-Audio-heIog9Rv7Qw.webm?rlkey=haq923r4b2qp3w8di6ubcko64&st=k20xk61f&raw=1,3:23,Nirvana
https://www.dropbox.com/scl/fi/roxft1epy7yt3wuqgc1sj/Nirvana-Jesus-Doesn-t-Want-Me-For-A-Sunbeam-Live-At-The-Paramount-Seattle-1991-RTDIzedHTiY.webm?rlkey=owckdmxklyygtvozkeiq2i8u3&st=ixzngyl4&raw=1,3:10,Nirvana
https://www.dropbox.com/scl/fi/ry5w7on96qkn34pi62cnq/Radiohead-My-Iron-Lung-live-at-Rock-am-Ring-1994-HD-lslIyogYkMY.webm?rlkey=koxhg2489vxahtmosmi7p5bvm&st=82zuy3ja&raw=1,5:36,Radiohead
https://www.dropbox.com/scl/fi/rn8ygdjld2g7ln4kvpolk/Portal-Still-Alive-Y6ljFaKRTrI.webm?rlkey=gnq61bscnqnf0y2wl46u1ywpa&st=insup3sa&raw=1,3:05,Valve
https://www.dropbox.com/scl/fi/fw8c5a3inpd6vtau3idta/Portal-2-End-Credits-Song-Want-You-Gone-by-Jonathan-Coulton-1080p-HD-dVVZaZ8yO6o.webm?rlkey=dgz2wolny032sfpokra6ugmwn&st=4lxupusx&raw=1,2:19,Portal
https://www.dropbox.com/scl/fi/xcp6rnv8rhjvcue5b0fqc/The-Ramones-Surfin-Bird-12-28-1978-Winterland-Official-B2N0EeIV2aQ.webm?rlkey=tj033bnqd7lcomogenvx3xczd&st=mht448us&raw=1,2:35,The Ramones
https://www.dropbox.com/scl/fi/fxslv8v5bxj68brt2g60p/Labyrinth-acxW7Al9Ddc.webm?rlkey=6o8e9zhx7i437vywcvsgqnoav&st=cg4r58ga&raw=1,3:01,Miracle Musical
https://www.dropbox.com/scl/fi/mx0atzl7dixr6yd1nmma0/Queen-Good-Old-Fashioned-Lover-Boy-Top-Of-The-Pops-1977-PI3LAgGBxqU.webm?rlkey=ax85arovzxjeokq6n694ybu7l&st=nqvkzocv&raw=1,3:07,Queen
https://www.dropbox.com/scl/fi/4upsmfrk3wqhbuha5p9p4/Ween-Waving-My-Dick-in-the-Wind-Live-Bizarre-Festival-ssxSc2ABQn8.mp4?rlkey=a3p9q30hpa6d63ljhr72oncw6&st=6p4zsl3z&raw=1,2:28,Ween
https://www.dropbox.com/scl/fi/w7ftxkp12ait4c6w4pr12/PXNDX-Mu-eca-En-Vivo-Sinfon-a-Soledad-s25OFZitt0I.webm?rlkey=lfoq394umiq76dcn084iqg2xx&st=ezykx7xz&raw=1,5:44,PXNDX
https://www.dropbox.com/scl/fi/81joracob5199o3xixagj/Red-Hot-Chili-Peppers-Can-t-Stop-Official-Music-Video-8DyziWtkfBw.webm?rlkey=aflwbpzns4372m22zfm5bdnu6&st=pezzx887&raw=1,4:38,Red Hot Chili Peppers
https://www.dropbox.com/scl/fi/qa5jdx0oje9rqpxoc3fc0/Red-Hot-Chili-Peppers-Give-It-Away-Official-Music-Video-Mr_uHJPUlO8.webm?rlkey=8fnrnyxhjfeif6syeji677zd8&st=7stc2915&raw=1,4:33,Red Hot Chili Peppers
https://www.dropbox.com/scl/fi/trp0ii4are6mqriw3ag49/Queen-Killer-Queen-Top-Of-The-Pops-1974-2ZBtPf7FOoM.webm?rlkey=lpk988bigg2su4qwhyxo9rkgr&st=wgzuiyju&raw=1,3:12,Queen
https://www.dropbox.com/scl/fi/4sz6l83tpisq8x7ddkph3/Queen-Stone-Cold-Crazy-Live-at-the-Rainbow-74-nBKJjRwvEsI.webm?rlkey=zwe7r2q3g0flaeetcls2w6j8m&st=49pvkk4j&raw=1,2:21,Queen
https://www.dropbox.com/scl/fi/rrdds4fj52nmsx5ascpx7/Arctic-Monkeys-The-View-From-The-Afternoon-Official-Video-PeQAZsyucbQ.webm?rlkey=wubsj2egz3kzitxmt31bhy8wb&st=fra8pun6&raw=1,4:35,Arctic Monkeys
https://www.dropbox.com/scl/fi/pcz7xgtpn2qw6c9cx4s7s/Tally-Hall-Be-Born-Live-on-KCRW-s-Morning-Becomes-Eclectic-Santa-Monica-CA-12-1-06-nuiKrvM0xzc.mp4?rlkey=lcrbs45lykdw22rwdjymtrrqw&st=26gsye76&raw=1,3:07,Tally Hall
https://www.dropbox.com/scl/fi/yr0rev4stod8irco8f63i/tally-hall-spring-and-a-storm-KCRW-AGL0xQBV-LM.mp4?rlkey=188cq0h0ckgpxbccqeg4ntrw3&st=1qjn56k4&raw=1,4:12,Tally Hall
https://www.dropbox.com/scl/fi/1yduywggh773gqz5exywr/Cheap-Trick-Surrender-from-Budokan-ZbkypX1OhZ0.webm?rlkey=ksukgic913gfrdl94q4dpyx48&st=ovqqp3n3&raw=1,4:35,Cheap Trick
https://www.dropbox.com/scl/fi/6p7tpth7sh5qai197x2f8/Cheap-Trick-Dream-Police-Official-Video-OPemyipJzAM.webm?rlkey=ixopo112ah4fbd4ux5ef0cl80&st=wu9mxbd7&raw=1,4:54,Cheap Trick
https://www.dropbox.com/scl/fi/xwq0fecbj57aecl5n4s4d/Cheap-Trick-California-Man-from-Budokan-lPOSJEJ_lmM.webm?rlkey=wtxg6wh9t5nonf3ssx1mxsi48&st=jp8vxbf1&raw=1,3:55,Cheap Trick
https://www.dropbox.com/scl/fi/d52p2tqcwoxq4ldrfimya/Tronic-Mateo-vfJ2yfdy70.webm?rlkey=ovwgbabxql5hle8i8fli4vxb5&st=js6p76eg&raw=1,1:50,Tronic
https://www.dropbox.com/scl/fi/j2bxxxpw1i8az7o46ngm2/PXNDX-Narcisista-por-Excelencia-kP6_nlTdPgI.webm?rlkey=uv2zjjoz3tpjdyovekfr4ard9&st=bmwvmlhi&raw=1,3:51,PXNDX
