url,duracion,nombre
https://www.dropbox.com/scl/fi/txt9b7kfgfn1az4c4kz8q/Alejo-y-Valentina-El-dia-que-Alejo-conoci-a-Maradona-2007-EPISODIO-COMPLETO-msf-109agaI.mp4?rlkey=s9wpytk3we8thhv8vft66vte2&st=9359jsay&raw=1,21:49,Alejo y Valentina
https://www.dropbox.com/scl/fi/qe0x4otcw25zghxx2gs1q/Alejo-y-Valentina-El-cumplea-os-del-Viejo-2007-EPISODIO-COMPLETO-m02_BLky868.webm?rlkey=wetyfkldo14gfpto696riee4v&st=2i7si9ev&raw=1,20:34,Alejo y Valentina
https://www.dropbox.com/scl/fi/tq1yl7amsxoicsdcslupi/Alejo-y-Valentina-Liberen-a-Carlitox-2007-EPISODIO-COMPLETO-Iw-vxSPOVug.webm?rlkey=k7tvy00j3wh4yl5c4fl9jnse7&st=ic93imuv&raw=1,24:03,Alejo y Valentina
https://www.dropbox.com/scl/fi/jfqjbwcwzitrk8lx7lae3/Alejo-y-Valentina-El-dia-de-Colorin-2007-EPISODIO-COMPLETO-O_aGU_n4zGI.webm?rlkey=58bimoe5eqk1q5o0szq2yxao3&st=jmb7zhbh&raw=1,22:44,Alejo y Valentina
https://www.dropbox.com/scl/fi/ab1tv8qr8o1efwrfu6si3/Alejo-y-Valentina-Rescatate-Soldado-Brian-2007-EPISODIO-COMPLETO-6DcRqEFY0OM.mp4?rlkey=x4nbltyks88e5y79myzcvmtam&st=nebikz6f&raw=1,21:35,Alejo y Valentina
https://www.dropbox.com/scl/fi/wz8vd9o8lc1cysntchbuq/Alejo-y-Valentina-Salgamos-Afuera-Locura-Extraordinaria-Extended-2007-EPISODIO-COMPLETO-JbLD3TO6Om4.webm?rlkey=11i9ldg6yooa3k4hyfmgms3gm&st=pvuzarbp&raw=1,21:19,Alejo y Valentina
https://www.dropbox.com/scl/fi/69j2y4ujmgdhkxmii7tw9/terminator-2-EpOsMEW1-L4.webm?rlkey=ulpdnov0tjt0tpcojrms5qzjv&st=79p6yqh9&raw=1,23:50,Alejo y Valentina
https://www.dropbox.com/scl/fi/kz9b57o1r9duj48z3y51w/Alejo-y-Valentina-The-Matris-Extended-2006-EPISODIO-COMPLETO-gDXaPq9DL-A.webm?rlkey=0fwnb7nenun84ode4kytfi533&st=xzbibu3x&raw=1,22:13,Alejo y Valentina
https://www.dropbox.com/scl/fi/99f77lx6e64yxhmyf3kf2/Alejo-y-Valentina-Expreso-Pilar-HD-720-n5AaWCNSWVA.webm?rlkey=t9ta78hgm2nfzddfma3vqb7ta&st=6k1kickc&raw=1,22:47,Alejo y Valentina
https://www.dropbox.com/scl/fi/qrpm98use8l47dktncg52/Alejo-y-Valentina-Kill-Rick-Extended-2006-EPISODO-COMPLETO-qbF2Cp8SXLc.webm?rlkey=voo1l9koz4p26mlkwsi4xzmrt&st=1yhgr4sg&raw=1,22:51,Alejo y Valentina
https://www.dropbox.com/scl/fi/bsvyb6vs5tr7qsgf59ndk/volver-al-futurox-extended-29OkO7jobBo.webm?rlkey=2b2c6hax8jf1xxtkf23xzvgdx&st=dcs02afg&raw=1,22:02,Alejo y Valentina
https://www.dropbox.com/scl/fi/s2bhfpwnmjp3lhs03abyu/Alejo-y-Valentina-Contra-Los-Muertos-Vivos-2006-EPISODIO-COMPLETO-Z24FN5BGEXc.mp4?rlkey=ixqtrf45qyut5n6cfca0txcwi&st=zsfymryz&raw=1,20:27,Alejo y Valentina
